-- ══════════════════════════════════════
-- NightGames — Seed des contenus de jeu (généré)
-- Copiez-collez après supabase_schema.sql, dans :
-- Supabase Dashboard → SQL Editor → New query
-- ══════════════════════════════════════

-- 1. Caméléon Urbain — rôles
insert into cameleon_roles (role, hint) values
  ('Chef cuisinier stressé', 'Tu brûles tout ce que tu touches ce soir'),
  ('Agent secret en mission', 'Tu dois garder ton identité secrète à tout prix'),
  ('Influenceur en perte de vues', 'Tu cherches désespérément du contenu pour tes réseaux'),
  ('Touriste perdu dans ta ville', 'Tout te semble étrange et nouveau'),
  ('Médecin de garde épuisé', 'Tu n''as pas dormi depuis 36 heures'),
  ('Milliardaire incognito', 'Tu essaies de passer inaperçu mais tu n''y arrives pas'),
  ('Détective privé en filature', 'Tu observes tout le monde avec suspicion'),
  ('Rockstar en retraite forcée', 'Tu parles de ta gloire passée à tout moment');

-- 2. Caméléon Urbain — questions
insert into cameleon_questions (text) values
  ('Si tu étais un plat, tu serais lequel ?'),
  ('Décris ta soirée idéale en 3 mots.'),
  ('Quel animal te représente le mieux ce soir ?'),
  ('Si tu devais fuir quelque part maintenant, où tu irais ?'),
  ('Quel est ton superpouvoir secret ?'),
  ('Décris ta journée comme si c''était un film.');

-- 3. Vérité ou Défi — cartes
insert into verite_cards (type, text) values
  ('verite', 'Quelle est la chose la plus embarrassante que tu aies faite en public ?'),
  ('verite', 'Quel est ton plus grand mensonge qui a réussi ?'),
  ('verite', 'Qui dans ce groupe t''agace le plus parfois ?'),
  ('verite', 'Quel secret tu n''aurais jamais pensé révéler ce soir ?'),
  ('verite', 'Quelle est la chose la plus folle que tu aies faite pour quelqu''un ?'),
  ('verite', 'Quelle appli sur ton téléphone tu ne montrerais jamais à tes parents ?'),
  ('verite', 'Quel est ton pire souvenir de soirée ?'),
  ('verite', 'Décris ta pire date en une phrase.'),
  ('defi', 'Appelle quelqu''un que tu n''as pas contacté depuis 6 mois et parle 30 secondes.'),
  ('defi', 'Imite quelqu''un dans ce groupe — les autres doivent deviner.'),
  ('defi', 'Fais 10 pompes ou bois une gorgée par pompe manquée.'),
  ('defi', 'Raconte la blague la plus nulle que tu connaisses avec le plus grand sérieux.'),
  ('defi', 'Fais semblant de pleurer en racontant un fait absolument banal.'),
  ('defi', 'Envoie un message mystérieux à la dernière personne de tes contacts.'),
  ('defi', 'Change ton statut WhatsApp pour 1h selon ce que le groupe décide.'),
  ('defi', 'Pose une question absurde à quelqu''un hors du groupe (appel ou message).');

-- 4. Mission Impossible — missions
insert into mission_list (text) values
  ('Fais dire le mot "banane" à quelqu''un sans qu''il s''en rende compte.'),
  ('Convaincs quelqu''un de changer de place avec toi.'),
  ('Fais rire quelqu''un en moins de 30 secondes — 3 fois dans la soirée.'),
  ('Obtiens un high-five de chaque joueur sans que ça semble forcé.'),
  ('Pose la même question bizarre à 3 personnes différentes.'),
  ('Convaincs quelqu''un de faire quelque chose qu''il ne voulait pas faire.'),
  ('Mentionne un pays imaginaire dans une vraie conversation.'),
  ('Fais semblant de chercher quelque chose toute la soirée sans explication.'),
  ('Utilise le mot "manifestement" dans toutes tes phrases pendant 5 minutes.'),
  ('Fais dire "oui" à quelqu''un 5 fois de suite avant qu''il réalise.');

-- 5. Une Famille en Or — catégories
insert into famille_categories (id, name, icon) values
  ('soiree', 'Soirée & Fête', '🎉'),
  ('reseaux', 'Réseaux sociaux & Téléphone', '📱'),
  ('amour', 'Amour & Couple', '❤️'),
  ('travail', 'Travail & École', '💼'),
  ('bouffe', 'Bouffe & Cuisine', '🍔'),
  ('voyage', 'Voyage & Vacances', '✈️'),
  ('enfance', 'Enfance & Nostalgie', '🧸'),
  ('sport', 'Sport & Santé', '🏃'),
  ('argent', 'Argent & Avarice', '💰'),
  ('excuses', 'Excuses & Mensonges', '🤥'),
  ('maison', 'Maison & Colocation', '🏠'),
  ('tech', 'Technologie & Internet', '💻');

-- 6. Une Famille en Or — questions (200)
insert into famille_questions (category, question, answers) values
  ('soiree', 'Nommez quelque chose qu''on oublie toujours de ranger', '[{"t":"Les clés","pts":32},{"t":"Le chargeur","pts":24},{"t":"Les lunettes","pts":18},{"t":"Le portefeuille","pts":14},{"t":"Les écouteurs","pts":12}]'::jsonb),
  ('soiree', 'Nommez quelque chose que les gens font sur leur téléphone en soirée', '[{"t":"Scroller les réseaux","pts":40},{"t":"Filmer/prendre des photos","pts":28},{"t":"Envoyer des messages","pts":18},{"t":"Regarder des stories","pts":9},{"t":"Appeler quelqu''un","pts":5}]'::jsonb),
  ('soiree', 'Nommez quelque chose que les gens font secrètement', '[{"t":"Manger en cachette","pts":35},{"t":"Stalker les réseaux","pts":28},{"t":"Chanter sous la douche","pts":20},{"t":"Parler tout seul","pts":12},{"t":"Lire les horoscopes","pts":5}]'::jsonb),
  ('soiree', 'Nommez une boisson qu''on retrouve dans toutes les soirées', '[{"t":"Bière","pts":38},{"t":"Vodka","pts":24},{"t":"Rhum","pts":18},{"t":"Vin","pts":12},{"t":"Tequila","pts":8}]'::jsonb),
  ('soiree', 'Nommez un jeu de soirée classique', '[{"t":"Action ou Vérité","pts":34},{"t":"Jamais je n''ai jamais","pts":25},{"t":"Loup-Garou","pts":19},{"t":"Beer pong","pts":13},{"t":"Charades","pts":9}]'::jsonb),
  ('soiree', 'Nommez une chose que les gens disent en arrivant en retard à une soirée', '[{"t":"\"Désolé pour le retard\"","pts":36},{"t":"\"Il y avait du trafic\"","pts":24},{"t":"\"Je me suis perdu(e)\"","pts":18},{"t":"\"Mon Uber a annulé\"","pts":14},{"t":"\"J''ai pas vu l''heure\"","pts":8}]'::jsonb),
  ('soiree', 'Nommez quelque chose qu''on perd souvent en soirée', '[{"t":"Téléphone","pts":32},{"t":"Veste","pts":24},{"t":"Clés","pts":19},{"t":"Briquet","pts":15},{"t":"Une chaussure","pts":10}]'::jsonb),
  ('soiree', 'Citez une raison de quitter une soirée tôt', '[{"t":"Fatigue","pts":35},{"t":"Travail le lendemain","pts":22},{"t":"Mal de tête","pts":20},{"t":"Plus d''amis là-bas","pts":15},{"t":"Pas envie","pts":8}]'::jsonb),
  ('soiree', 'Nommez quelque chose qu''on dit pour refuser un dernier verre', '[{"t":"\"Je conduis\"","pts":33},{"t":"\"J''ai assez bu\"","pts":27},{"t":"\"Je travaille demain\"","pts":19},{"t":"\"Je dois y aller\"","pts":13},{"t":"\"Plus envie\"","pts":8}]'::jsonb),
  ('soiree', 'Nommez un signe qu''une soirée devient trop folle', '[{"t":"Quelqu''un danse sur la table","pts":36},{"t":"Quelqu''un pleure","pts":24},{"t":"Quelqu''un vomit","pts":18},{"t":"Les voisins appellent","pts":14},{"t":"Quelqu''un casse un truc","pts":8}]'::jsonb),
  ('soiree', 'Nommez quelque chose qu''on regrette le lendemain d''une soirée', '[{"t":"Un message envoyé","pts":31},{"t":"Un baiser","pts":26},{"t":"Avoir trop bu","pts":21},{"t":"Une danse","pts":14},{"t":"Une story","pts":8}]'::jsonb),
  ('soiree', 'Citez une excuse pour ne pas aller à une soirée', '[{"t":"\"Je suis malade\"","pts":37},{"t":"\"Je suis fatigué(e)\"","pts":23},{"t":"\"J''ai déjà un truc\"","pts":18},{"t":"\"Pas le budget\"","pts":13},{"t":"\"Pas envie de sortir\"","pts":9}]'::jsonb),
  ('soiree', 'Nommez un truc qu''on improvise en dernière minute pour une soirée', '[{"t":"Le déguisement","pts":34},{"t":"L''alcool","pts":25},{"t":"La playlist","pts":19},{"t":"Le lieu","pts":13},{"t":"La bouffe","pts":9}]'::jsonb),
  ('soiree', 'Nommez une activité typique d''after', '[{"t":"Manger un kebab","pts":38},{"t":"Continuer à boire","pts":22},{"t":"Rentrer à pied","pts":17},{"t":"Aller en boîte","pts":14},{"t":"Dormir chez quelqu''un","pts":9}]'::jsonb),
  ('soiree', 'Citez une chose qu''on fait pour se faire pardonner après une soirée ratée', '[{"t":"S''excuser","pts":33},{"t":"Payer un resto","pts":27},{"t":"Offrir un cadeau","pts":19},{"t":"Envoyer un message","pts":13},{"t":"Rien, on évite le sujet","pts":8}]'::jsonb),
  ('soiree', 'Nommez quelque chose qui rend une soirée mémorable', '[{"t":"Une bonne musique","pts":36},{"t":"Une anecdote drôle","pts":24},{"t":"Un jeu","pts":18},{"t":"Une rencontre","pts":14},{"t":"Un bon repas","pts":8}]'::jsonb),
  ('soiree', 'Nommez un signal pour dire que la soirée est terminée', '[{"t":"Les lumières s''allument","pts":35},{"t":"La musique s''arrête","pts":25},{"t":"Le host dit \"bon les gens\"","pts":18},{"t":"Le bar ferme","pts":13},{"t":"Tout le monde est fatigué","pts":9}]'::jsonb),
  ('reseaux', 'Nommez une chose que les gens font juste après s''être réveillés', '[{"t":"Regarder le téléphone","pts":40},{"t":"Vérifier les notifications","pts":24},{"t":"Scroller Instagram","pts":17},{"t":"Répondre aux messages","pts":12},{"t":"Regarder l''heure","pts":7}]'::jsonb),
  ('reseaux', 'Citez une appli que tout le monde a sur son téléphone', '[{"t":"Instagram","pts":33},{"t":"WhatsApp","pts":25},{"t":"TikTok","pts":19},{"t":"Snapchat","pts":14},{"t":"Spotify","pts":9}]'::jsonb),
  ('reseaux', 'Nommez une raison de ne pas répondre à un message tout de suite', '[{"t":"Pas vu","pts":36},{"t":"Pas le temps","pts":22},{"t":"Pas envie de répondre","pts":18},{"t":"Occupé","pts":15},{"t":"Oublié","pts":9}]'::jsonb),
  ('reseaux', 'Citez quelque chose que les gens font avant de poster une photo', '[{"t":"Filtrer","pts":34},{"t":"Recadrer","pts":24},{"t":"Demander un avis","pts":18},{"t":"Retoucher la luminosité","pts":14},{"t":"Effacer et recommencer","pts":10}]'::jsonb),
  ('reseaux', 'Nommez un truc embarrassant qui peut arriver sur les réseaux', '[{"t":"Liker une vieille photo par erreur","pts":38},{"t":"Envoyer au mauvais destinataire","pts":22},{"t":"Faire une faute dans un post","pts":17},{"t":"Story vue par un ex","pts":14},{"t":"Commentaire gênant","pts":9}]'::jsonb),
  ('reseaux', 'Nommez une raison de stalker le profil de quelqu''un', '[{"t":"Curiosité","pts":35},{"t":"Un ex","pts":27},{"t":"Un nouveau crush","pts":19},{"t":"Jalousie","pts":12},{"t":"Ennui","pts":7}]'::jsonb),
  ('reseaux', 'Citez quelque chose qui énerve dans les groupes WhatsApp', '[{"t":"Trop de notifications","pts":37},{"t":"Les chaînes de messages","pts":23},{"t":"Les memes en masse","pts":17},{"t":"Les votes pour un resto","pts":14},{"t":"Les vocaux de 5 minutes","pts":9}]'::jsonb),
  ('reseaux', 'Nommez un signe que quelqu''un ghost sur les réseaux', '[{"t":"Vu mais pas de réponse","pts":34},{"t":"Story vue sans réagir","pts":25},{"t":"Plus de like","pts":19},{"t":"Bloqué","pts":13},{"t":"Compte désactivé","pts":9}]'::jsonb),
  ('reseaux', 'Citez une chose qu''on fait pour économiser la batterie de son téléphone', '[{"t":"Mode avion","pts":33},{"t":"Luminosité réduite","pts":24},{"t":"Fermer les applis","pts":20},{"t":"Mode économie d''énergie","pts":14},{"t":"Éteindre le wifi","pts":9}]'::jsonb),
  ('reseaux', 'Nommez un truc qu''on poste pour faire croire qu''on va bien', '[{"t":"Une photo de soirée","pts":36},{"t":"Une citation motivante","pts":23},{"t":"Un selfie souriant","pts":18},{"t":"Une story de voyage","pts":14},{"t":"Un post \"tout va bien\"","pts":9}]'::jsonb),
  ('reseaux', 'Citez une raison de supprimer une story', '[{"t":"Pas assez de vues","pts":32},{"t":"Mauvaise photo","pts":26},{"t":"Trop de likes d''un ex","pts":19},{"t":"Erreur de frappe","pts":14},{"t":"Changement d''avis","pts":9}]'::jsonb),
  ('reseaux', 'Nommez une chose qu''on fait en attendant une réponse importante', '[{"t":"Vérifier le téléphone toutes les 5 min","pts":38},{"t":"Relire le message envoyé","pts":24},{"t":"Demander conseil à un ami","pts":17},{"t":"Faire semblant de rien","pts":13},{"t":"Stresser en silence","pts":8}]'::jsonb),
  ('reseaux', 'Citez un type de contenu qu''on regarde sans s''en rendre compte pendant des heures', '[{"t":"Vidéos de recettes","pts":34},{"t":"Memes","pts":25},{"t":"Vlogs","pts":19},{"t":"Vidéos de chats","pts":13},{"t":"Reels de danse","pts":9}]'::jsonb),
  ('reseaux', 'Nommez quelque chose que les gens cachent dans leurs messages privés', '[{"t":"Des photos","pts":31},{"t":"Des conversations avec un ex","pts":26},{"t":"Des secrets","pts":21},{"t":"Des potins","pts":14},{"t":"Rien d''intéressant","pts":8}]'::jsonb),
  ('reseaux', 'Citez une raison de changer de photo de profil', '[{"t":"Nouvelle coupe de cheveux","pts":37},{"t":"Nouvelle relation","pts":23},{"t":"Anniversaire","pts":18},{"t":"Ennui","pts":13},{"t":"Quelqu''un l''a demandé","pts":9}]'::jsonb),
  ('reseaux', 'Nommez une chose qu''on fait quand le wifi tombe en panne', '[{"t":"Paniquer","pts":34},{"t":"Utiliser la 4G","pts":25},{"t":"Aller voir le routeur","pts":19},{"t":"Appeler le voisin","pts":13},{"t":"Lire un livre (rarement)","pts":9}]'::jsonb),
  ('reseaux', 'Citez une chose qui se passe quand on laisse son téléphone à quelqu''un d''autre', '[{"t":"Il fouille les messages","pts":36},{"t":"Il poste un truc gênant","pts":24},{"t":"Il regarde les photos","pts":18},{"t":"Il change le fond d''écran","pts":14},{"t":"Il ne fait rien","pts":8}]'::jsonb),
  ('amour', 'Nommez un signe que quelqu''un a un crush', '[{"t":"Il/elle sourit bêtement","pts":35},{"t":"Regarde son téléphone sans cesse","pts":25},{"t":"Parle de la personne tout le temps","pts":18},{"t":"Change de style","pts":13},{"t":"Devient nerveux","pts":9}]'::jsonb),
  ('amour', 'Citez une chose qu''on fait au premier rendez-vous', '[{"t":"Bien s''habiller","pts":34},{"t":"Stresser","pts":24},{"t":"Choisir le bon resto","pts":19},{"t":"Préparer des sujets de conversation","pts":14},{"t":"Arriver en avance","pts":9}]'::jsonb),
  ('amour', 'Nommez une excuse pour annuler un date', '[{"t":"\"Je suis malade\"","pts":37},{"t":"\"Imprévu au travail\"","pts":22},{"t":"\"Problème de transport\"","pts":17},{"t":"\"Pas envie en fait\"","pts":15},{"t":"\"Famille\"","pts":9}]'::jsonb),
  ('amour', 'Citez un signe qu''une relation est sérieuse', '[{"t":"Rencontrer la famille","pts":36},{"t":"Avoir une clé de chez l''autre","pts":23},{"t":"Parler d''avenir","pts":18},{"t":"Voyager ensemble","pts":14},{"t":"Mettre une photo de couple","pts":9}]'::jsonb),
  ('amour', 'Nommez une dispute classique de couple', '[{"t":"Le ménage","pts":33},{"t":"L''argent","pts":26},{"t":"La jalousie","pts":19},{"t":"Le temps passé avec les amis","pts":13},{"t":"Les réseaux sociaux","pts":9}]'::jsonb),
  ('amour', 'Citez quelque chose qu''on fait pour se réconcilier après une dispute', '[{"t":"S''excuser","pts":35},{"t":"Offrir un cadeau","pts":24},{"t":"Parler calmement","pts":19},{"t":"Faire un câlin","pts":13},{"t":"Cuisiner un bon repas","pts":9}]'::jsonb),
  ('amour', 'Nommez une chose qu''on évite de dire à son/sa partenaire', '[{"t":"Son poids","pts":38},{"t":"Le nombre d''ex","pts":22},{"t":"Un avis sur sa famille","pts":17},{"t":"Un secret du passé","pts":14},{"t":"Une vraie opinion sur son plat","pts":9}]'::jsonb),
  ('amour', 'Citez un signe de jalousie dans un couple', '[{"t":"Vérifier le téléphone","pts":34},{"t":"Questionner les sorties","pts":25},{"t":"Critiquer les amis","pts":19},{"t":"Surveiller les réseaux","pts":13},{"t":"Bouder","pts":9}]'::jsonb),
  ('amour', 'Nommez une raison de rompre', '[{"t":"Tromperie","pts":36},{"t":"Manque de communication","pts":24},{"t":"Distance","pts":18},{"t":"Différence de valeurs","pts":14},{"t":"Ennui","pts":8}]'::jsonb),
  ('amour', 'Citez une chose romantique à faire pour un anniversaire de couple', '[{"t":"Dîner aux chandelles","pts":33},{"t":"Week-end surprise","pts":27},{"t":"Cadeau personnalisé","pts":19},{"t":"Lettre d''amour","pts":13},{"t":"Photo souvenir","pts":8}]'::jsonb),
  ('amour', 'Nommez un signe qu''un date se passe mal', '[{"t":"Silences gênants","pts":37},{"t":"Téléphone tout le temps","pts":23},{"t":"Aucun sujet en commun","pts":18},{"t":"Regarder l''heure","pts":13},{"t":"Parler d''un ex","pts":9}]'::jsonb),
  ('amour', 'Citez une chose que les couples font après plusieurs années', '[{"t":"Finir les phrases de l''autre","pts":31},{"t":"Se chamailler pour rien","pts":26},{"t":"Avoir des surnoms ridicules","pts":21},{"t":"Regarder des séries ensemble","pts":14},{"t":"Ne plus se faire la cour","pts":8}]'::jsonb),
  ('amour', 'Nommez une appli de rencontre', '[{"t":"Tinder","pts":40},{"t":"Bumble","pts":24},{"t":"Hinge","pts":17},{"t":"Happn","pts":12},{"t":"Once","pts":7}]'::jsonb),
  ('amour', 'Citez un cliché des messages de drague', '[{"t":"\"Salut, ça va ?\"","pts":35},{"t":"\"T''es trop belle/beau\"","pts":25},{"t":"\"On se connaît ?\"","pts":18},{"t":"Un emoji clin d''œil","pts":13},{"t":"Un compliment générique","pts":9}]'::jsonb),
  ('amour', 'Nommez une chose qu''on fait pour impressionner un crush', '[{"t":"Changer de style","pts":34},{"t":"Faire du sport","pts":24},{"t":"Poster plus sur les réseaux","pts":18},{"t":"Apprendre un truc nouveau","pts":15},{"t":"Inviter à sortir","pts":9}]'::jsonb),
  ('amour', 'Citez un signe qu''on est amoureux', '[{"t":"Penser à la personne tout le temps","pts":36},{"t":"Sourire pour rien","pts":23},{"t":"Perdre l''appétit","pts":17},{"t":"Relire ses messages","pts":15},{"t":"Parler d''elle à tout le monde","pts":9}]'::jsonb),
  ('amour', 'Nommez une raison pour laquelle un couple fait une pause', '[{"t":"Besoin d''espace","pts":33},{"t":"Trop de disputes","pts":26},{"t":"Doutes","pts":19},{"t":"Distance géographique","pts":14},{"t":"Stress extérieur","pts":8}]'::jsonb),
  ('travail', 'Nommez une excuse pour arriver en retard au travail', '[{"t":"Transport","pts":38},{"t":"Réveil pas sonné","pts":24},{"t":"Trafic","pts":17},{"t":"Problème familial","pts":13},{"t":"Oublié quelque chose à la maison","pts":8}]'::jsonb),
  ('travail', 'Citez une chose qu''on fait en réunion sans écouter', '[{"t":"Regarder son téléphone","pts":36},{"t":"Penser à autre chose","pts":24},{"t":"Prendre des notes inutiles","pts":18},{"t":"Dessiner","pts":13},{"t":"Compter les minutes","pts":9}]'::jsonb),
  ('travail', 'Nommez une raison de sécher un cours', '[{"t":"Pas réveillé","pts":34},{"t":"Pas envie","pts":26},{"t":"Pas révisé","pts":19},{"t":"Sortie improvisée","pts":13},{"t":"Maladie (fausse)","pts":8}]'::jsonb),
  ('travail', 'Citez un cliché de patron', '[{"t":"\"On est une famille ici\"","pts":37},{"t":"\"Pense en dehors de la boîte\"","pts":22},{"t":"\"On en reparle après la réunion\"","pts":18},{"t":"\"Petit topo rapide\"","pts":14},{"t":"\"Je vous envoie un mail\"","pts":9}]'::jsonb),
  ('travail', 'Nommez une chose qu''on fait pour avoir l''air occupé au travail', '[{"t":"Taper vite sur le clavier","pts":35},{"t":"Avoir plein d''onglets ouverts","pts":25},{"t":"Prendre des notes","pts":19},{"t":"Marcher avec un dossier","pts":13},{"t":"Répondre vite à un mail","pts":8}]'::jsonb),
  ('travail', 'Citez une excuse pour ne pas avoir fait ses devoirs', '[{"t":"\"J''ai oublié mon cahier\"","pts":36},{"t":"\"Mon ordi a planté\"","pts":24},{"t":"\"Je n''ai pas compris\"","pts":18},{"t":"\"Pas eu le temps\"","pts":14},{"t":"\"Le chien a mangé mon devoir\"","pts":8}]'::jsonb),
  ('travail', 'Nommez quelque chose qu''on fait le dimanche soir avant la reprise', '[{"t":"Stresser","pts":34},{"t":"Préparer ses affaires","pts":25},{"t":"Procrastiner encore","pts":19},{"t":"Dormir tôt","pts":13},{"t":"Regarder une série pour décompresser","pts":9}]'::jsonb),
  ('travail', 'Citez une matière scolaire détestée par beaucoup', '[{"t":"Maths","pts":38},{"t":"Physique-Chimie","pts":23},{"t":"Histoire-Géo","pts":17},{"t":"Latin","pts":13},{"t":"Philosophie","pts":9}]'::jsonb),
  ('travail', 'Nommez une chose qu''on fait en pause déjeuner au travail', '[{"t":"Manger","pts":33},{"t":"Scroller le téléphone","pts":27},{"t":"Discuter avec les collègues","pts":19},{"t":"Faire une sieste","pts":13},{"t":"Sortir prendre l''air","pts":8}]'::jsonb),
  ('travail', 'Citez un type de collègue qu''on retrouve dans tous les bureaux', '[{"t":"Le commère","pts":36},{"t":"Le lèche-bottes","pts":24},{"t":"Celui qui arrive en retard","pts":18},{"t":"Le maniaque de l''ordre","pts":14},{"t":"Le toujours stressé","pts":8}]'::jsonb),
  ('travail', 'Nommez une raison de demander un jour de congé', '[{"t":"Vacances","pts":35},{"t":"Rendez-vous médical","pts":25},{"t":"Fatigue","pts":18},{"t":"Événement familial","pts":14},{"t":"Juste besoin de souffler","pts":8}]'::jsonb),
  ('travail', 'Citez quelque chose qu''on fait pour réviser à la dernière minute', '[{"t":"Résumés la nuit précédente","pts":37},{"t":"Fiches de révision","pts":23},{"t":"Demander à un ami","pts":17},{"t":"Café en grande quantité","pts":14},{"t":"Prier","pts":9}]'::jsonb),
  ('travail', 'Nommez une chose qui se passe pendant un entretien d''embauche', '[{"t":"Question piège","pts":34},{"t":"Stress","pts":26},{"t":"Mentir un peu sur ses compétences","pts":19},{"t":"Parler de ses qualités/défauts","pts":13},{"t":"Poignée de main","pts":8}]'::jsonb),
  ('travail', 'Citez une raison de détester les lundis', '[{"t":"Reprise du travail/école","pts":38},{"t":"Réveil tôt","pts":22},{"t":"Fin du week-end","pts":17},{"t":"Trafic","pts":14},{"t":"Fatigue","pts":9}]'::jsonb),
  ('travail', 'Nommez quelque chose qu''on fait pendant les vacances scolaires', '[{"t":"Dormir tard","pts":33},{"t":"Voir des amis","pts":26},{"t":"Voyager","pts":19},{"t":"Rien du tout","pts":14},{"t":"Rattraper les séries","pts":8}]'::jsonb),
  ('travail', 'Citez un objet indispensable à un étudiant', '[{"t":"L''ordinateur portable","pts":36},{"t":"Le téléphone","pts":24},{"t":"Le café","pts":18},{"t":"Les écouteurs","pts":14},{"t":"Le cahier","pts":8}]'::jsonb),
  ('travail', 'Nommez une raison de démissionner d''un travail', '[{"t":"Mauvaise ambiance","pts":35},{"t":"Salaire trop bas","pts":25},{"t":"Meilleure opportunité","pts":18},{"t":"Stress","pts":14},{"t":"Mauvais patron","pts":8}]'::jsonb),
  ('bouffe', 'Nommez un plat que tout le monde commande en livraison', '[{"t":"Pizza","pts":40},{"t":"Sushi","pts":24},{"t":"Burger","pts":17},{"t":"Plat asiatique","pts":12},{"t":"Kebab","pts":7}]'::jsonb),
  ('bouffe', 'Citez une chose qu''on mange en cachette', '[{"t":"Chocolat","pts":35},{"t":"Chips","pts":25},{"t":"Glace","pts":18},{"t":"Restes du frigo","pts":13},{"t":"Bonbons","pts":9}]'::jsonb),
  ('bouffe', 'Nommez un ingrédient qu''on n''a jamais quand on en a besoin', '[{"t":"Œufs","pts":33},{"t":"Beurre","pts":26},{"t":"Lait","pts":19},{"t":"Ail","pts":13},{"t":"Sel","pts":9}]'::jsonb),
  ('bouffe', 'Citez une excuse pour ne pas finir son assiette', '[{"t":"\"Je suis plein(e)\"","pts":37},{"t":"\"Pas terrible\"","pts":20},{"t":"\"J''ai mangé avant\"","pts":18},{"t":"\"Je garde pour plus tard\"","pts":15},{"t":"\"Allergie soudaine\"","pts":10}]'::jsonb),
  ('bouffe', 'Nommez quelque chose qu''on commande toujours au même resto', '[{"t":"Le plat habituel","pts":35},{"t":"Le dessert","pts":24},{"t":"La boisson","pts":19},{"t":"L''entrée","pts":14},{"t":"Rien, on change toujours","pts":8}]'::jsonb),
  ('bouffe', 'Citez une chose qu''on fait quand un plat est trop épicé', '[{"t":"Boire de l''eau","pts":34},{"t":"Manger du pain","pts":26},{"t":"Boire du lait","pts":19},{"t":"Pleurer un peu","pts":13},{"t":"Continuer quand même","pts":8}]'::jsonb),
  ('bouffe', 'Nommez un aliment que personne n''aime à la cantine', '[{"t":"Épinards","pts":36},{"t":"Choux de Bruxelles","pts":23},{"t":"Foie","pts":18},{"t":"Semoule","pts":14},{"t":"Poisson pané","pts":9}]'::jsonb),
  ('bouffe', 'Citez une excuse pour commander à manger au lieu de cuisiner', '[{"t":"\"Trop fatigué(e)\"","pts":38},{"t":"\"Pas le temps\"","pts":22},{"t":"\"Frigo vide\"","pts":18},{"t":"\"Envie de se faire plaisir\"","pts":13},{"t":"\"Flemme totale\"","pts":9}]'::jsonb),
  ('bouffe', 'Nommez un dessert préféré pour une occasion spéciale', '[{"t":"Gâteau au chocolat","pts":33},{"t":"Tiramisu","pts":26},{"t":"Tarte","pts":19},{"t":"Glace","pts":14},{"t":"Crêpes","pts":8}]'::jsonb),
  ('bouffe', 'Citez une chose qu''on fait avant d''aller faire les courses', '[{"t":"Liste de courses","pts":36},{"t":"Vérifier le frigo","pts":24},{"t":"Manger avant pour ne pas craquer","pts":18},{"t":"Chercher des promos","pts":14},{"t":"Rien, on improvise","pts":8}]'::jsonb),
  ('bouffe', 'Nommez une boisson qu''on prend pour se réveiller', '[{"t":"Café","pts":40},{"t":"Thé","pts":24},{"t":"Jus d''orange","pts":17},{"t":"Energy drink","pts":12},{"t":"Eau citronnée","pts":7}]'::jsonb),
  ('bouffe', 'Citez un plat qu''on cuisine pour impressionner quelqu''un', '[{"t":"Pâtes carbonara","pts":34},{"t":"Risotto","pts":25},{"t":"Plat exotique","pts":19},{"t":"Dessert fait maison","pts":13},{"t":"Barbecue","pts":9}]'::jsonb),
  ('bouffe', 'Nommez une raison de ne pas finir de cuisiner un repas', '[{"t":"Brûlé","pts":35},{"t":"Manque d''ingrédients","pts":25},{"t":"Flemme en cours de route","pts":18},{"t":"Distraction","pts":14},{"t":"Trop compliqué","pts":8}]'::jsonb),
  ('bouffe', 'Citez quelque chose qu''on mange après une soirée bien arrosée', '[{"t":"Kebab","pts":38},{"t":"Pizza","pts":22},{"t":"Frites","pts":18},{"t":"Pain","pts":13},{"t":"Tout ce qui est dans le frigo","pts":9}]'::jsonb),
  ('bouffe', 'Nommez un fruit ou légume que les enfants refusent de manger', '[{"t":"Brocoli","pts":36},{"t":"Épinards","pts":24},{"t":"Choux","pts":18},{"t":"Courgette","pts":14},{"t":"Petits pois","pts":8}]'::jsonb),
  ('bouffe', 'Citez une habitude alimentaire bizarre que certains ont', '[{"t":"Mettre du ketchup partout","pts":34},{"t":"Manger les frites avec la glace","pts":26},{"t":"Tremper les chips dans la sauce","pts":19},{"t":"Manger sucré-salé","pts":13},{"t":"Manger froid ce qui devrait être chaud","pts":8}]'::jsonb),
  ('bouffe', 'Nommez une chose qu''on dit pour refuser un plat qu''on n''aime pas', '[{"t":"\"Je suis allergique\"","pts":37},{"t":"\"Je n''ai pas faim\"","pts":23},{"t":"\"J''ai déjà mangé\"","pts":18},{"t":"\"Je préfère autre chose\"","pts":13},{"t":"\"Je suis au régime\"","pts":9}]'::jsonb),
  ('voyage', 'Nommez quelque chose qu''on oublie souvent de prendre en voyage', '[{"t":"Chargeur","pts":36},{"t":"Brosse à dents","pts":24},{"t":"Passeport (on vérifie 10 fois)","pts":18},{"t":"Adaptateur","pts":14},{"t":"Médicaments","pts":8}]'::jsonb),
  ('voyage', 'Citez une chose qu''on fait à l''aéroport en attendant', '[{"t":"Scroller le téléphone","pts":34},{"t":"Manger","pts":25},{"t":"Acheter du duty-free","pts":19},{"t":"Faire la queue","pts":13},{"t":"Dormir","pts":9}]'::jsonb),
  ('voyage', 'Nommez une destination de vacances populaire', '[{"t":"Espagne","pts":33},{"t":"Italie","pts":27},{"t":"Grèce","pts":19},{"t":"Thaïlande","pts":13},{"t":"Maroc","pts":8}]'::jsonb),
  ('voyage', 'Citez quelque chose qui stresse avant un voyage', '[{"t":"Faire la valise","pts":37},{"t":"Rater l''avion","pts":23},{"t":"Oublier un document","pts":17},{"t":"Le prix","pts":14},{"t":"La météo","pts":9}]'::jsonb),
  ('voyage', 'Nommez une chose qu''on fait en premier en arrivant à l''hôtel', '[{"t":"Tester le lit","pts":35},{"t":"Prendre une photo de la vue","pts":24},{"t":"Se connecter au wifi","pts":19},{"t":"Vérifier la propreté","pts":14},{"t":"Déballer les valises","pts":8}]'::jsonb),
  ('voyage', 'Citez une galère classique en voyage', '[{"t":"Bagage perdu","pts":36},{"t":"Vol retardé","pts":24},{"t":"Mal des transports","pts":18},{"t":"Décalage horaire","pts":14},{"t":"Mauvais temps","pts":8}]'::jsonb),
  ('voyage', 'Nommez une chose indispensable à mettre dans une valise', '[{"t":"Vêtements","pts":38},{"t":"Chargeur","pts":22},{"t":"Trousse de toilette","pts":17},{"t":"Médicaments","pts":14},{"t":"Chaussures confortables","pts":9}]'::jsonb),
  ('voyage', 'Citez une activité typique en road trip', '[{"t":"Écouter de la musique","pts":34},{"t":"Chanter à fond","pts":25},{"t":"S''arrêter pour manger","pts":19},{"t":"Jouer à des jeux de voiture","pts":13},{"t":"Dormir sur le trajet","pts":9}]'::jsonb),
  ('voyage', 'Nommez une chose qu''on fait pour économiser pendant un voyage', '[{"t":"Manger au supermarché","pts":33},{"t":"Auberge de jeunesse","pts":26},{"t":"Comparer les prix","pts":19},{"t":"Marcher au lieu de prendre un taxi","pts":14},{"t":"Voyager hors saison","pts":8}]'::jsonb),
  ('voyage', 'Citez une raison de rater un vol', '[{"t":"Réveil en retard","pts":37},{"t":"Trafic","pts":22},{"t":"File d''attente trop longue","pts":18},{"t":"Bagage trop lourd","pts":14},{"t":"Mauvais terminal","pts":9}]'::jsonb),
  ('voyage', 'Nommez quelque chose que les touristes font toujours', '[{"t":"Prendre des photos","pts":36},{"t":"Acheter des souvenirs","pts":24},{"t":"Se perdre","pts":18},{"t":"Goûter la cuisine locale","pts":14},{"t":"Suivre un guide","pts":8}]'::jsonb),
  ('voyage', 'Citez une chose qu''on ramène en souvenir de voyage', '[{"t":"Magnet","pts":35},{"t":"T-shirt","pts":25},{"t":"Photo","pts":19},{"t":"Bijou local","pts":13},{"t":"Bouteille d''alcool local","pts":8}]'::jsonb),
  ('voyage', 'Nommez un problème qu''on peut avoir avec une location de vacances', '[{"t":"Pas comme sur les photos","pts":34},{"t":"Bruit","pts":26},{"t":"Propreté","pts":19},{"t":"Voisins bruyants","pts":13},{"t":"Wifi qui ne marche pas","pts":8}]'::jsonb),
  ('voyage', 'Citez une raison de préférer rester chez soi plutôt que voyager', '[{"t":"Budget","pts":38},{"t":"Fatigue","pts":22},{"t":"Peur de l''avion","pts":17},{"t":"Trop de monde","pts":14},{"t":"Confort de la maison","pts":9}]'::jsonb),
  ('voyage', 'Nommez une chose qu''on fait pour passer le temps dans un long trajet', '[{"t":"Dormir","pts":33},{"t":"Regarder un film","pts":27},{"t":"Écouter de la musique","pts":19},{"t":"Lire","pts":13},{"t":"Discuter","pts":8}]'::jsonb),
  ('voyage', 'Citez une réaction au décalage horaire', '[{"t":"Dormir n''importe quand","pts":36},{"t":"Fatigue extrême","pts":24},{"t":"Faim à des heures bizarres","pts":18},{"t":"Confusion","pts":14},{"t":"Café en quantité","pts":8}]'::jsonb),
  ('voyage', 'Nommez quelque chose qu''on vérifie plusieurs fois avant de partir en vacances', '[{"t":"Le passeport","pts":37},{"t":"Les billets","pts":23},{"t":"La réservation d''hôtel","pts":18},{"t":"La météo","pts":13},{"t":"Si on a tout fermé chez soi","pts":9}]'::jsonb),
  ('enfance', 'Nommez un dessin animé culte des années 2000', '[{"t":"Pokémon","pts":35},{"t":"Dragon Ball Z","pts":25},{"t":"SpongeBob","pts":19},{"t":"Naruto","pts":13},{"t":"Code Lyoko","pts":8}]'::jsonb),
  ('enfance', 'Citez un jeu de récréation classique', '[{"t":"Cache-cache","pts":36},{"t":"Chat perché","pts":24},{"t":"Élastique","pts":18},{"t":"Billes","pts":14},{"t":"Marelle","pts":8}]'::jsonb),
  ('enfance', 'Nommez une punition classique de l''enfance', '[{"t":"Au coin/au mur","pts":34},{"t":"Privé de dessert","pts":26},{"t":"Privé d''écran","pts":19},{"t":"Privé de sortie","pts":13},{"t":"Devoirs supplémentaires","pts":8}]'::jsonb),
  ('enfance', 'Citez un jouet incontournable des années 90-2000', '[{"t":"Tamagotchi","pts":37},{"t":"Game Boy","pts":23},{"t":"Yoyo","pts":18},{"t":"Polly Pocket","pts":13},{"t":"Beyblade","pts":9}]'::jsonb),
  ('enfance', 'Nommez une excuse d''enfant classique', '[{"t":"\"C''est pas moi\"","pts":38},{"t":"\"Il a commencé\"","pts":22},{"t":"\"Je savais pas\"","pts":17},{"t":"\"J''ai oublié\"","pts":14},{"t":"\"C''est pas grave\"","pts":9}]'::jsonb),
  ('enfance', 'Citez un bonbon ou snack qu''on adorait enfant', '[{"t":"Carambar","pts":33},{"t":"Haribo","pts":27},{"t":"Chupa Chups","pts":19},{"t":"Roudoudou","pts":13},{"t":"Pez","pts":8}]'::jsonb),
  ('enfance', 'Nommez quelque chose que les parents disaient souvent', '[{"t":"\"Mange tes légumes\"","pts":36},{"t":"\"Range ta chambre\"","pts":24},{"t":"\"Parce que je l''ai dit\"","pts":18},{"t":"\"Fais tes devoirs\"","pts":14},{"t":"\"On verra\"","pts":8}]'::jsonb),
  ('enfance', 'Citez une émission TV pour enfants culte', '[{"t":"Club Dorothée","pts":34},{"t":"Hélène et les Garçons","pts":25},{"t":"Inspecteur Gadget","pts":19},{"t":"Power Rangers","pts":13},{"t":"Salut les Musclés","pts":9}]'::jsonb),
  ('enfance', 'Nommez une activité d''anniversaire d''enfant', '[{"t":"Piñata","pts":35},{"t":"Chasse au trésor","pts":25},{"t":"Gâteau","pts":19},{"t":"Jeux de société","pts":13},{"t":"Déguisement","pts":8}]'::jsonb),
  ('enfance', 'Citez une peur d''enfant classique', '[{"t":"Le noir","pts":37},{"t":"Les monstres sous le lit","pts":23},{"t":"Les clowns","pts":17},{"t":"Les piqûres","pts":14},{"t":"Être séparé des parents","pts":9}]'::jsonb),
  ('enfance', 'Nommez quelque chose qu''on faisait pour ne pas aller à l''école', '[{"t":"Faux mal de ventre","pts":36},{"t":"Thermomètre chauffé","pts":24},{"t":"Tousser exagérément","pts":18},{"t":"Faire semblant de vomir","pts":14},{"t":"Pleurer","pts":8}]'::jsonb),
  ('enfance', 'Citez un rêve d''enfant de métier', '[{"t":"Astronaute","pts":33},{"t":"Pompier","pts":27},{"t":"Vétérinaire","pts":19},{"t":"Chanteur/chanteuse","pts":13},{"t":"Footballeur","pts":8}]'::jsonb),
  ('enfance', 'Nommez une chose qu''on faisait en cachette de ses parents enfant', '[{"t":"Manger des bonbons","pts":35},{"t":"Regarder la télé tard","pts":25},{"t":"Sortir en cachette","pts":18},{"t":"Mentir sur les notes","pts":14},{"t":"Lire sous la couette avec une lampe","pts":8}]'::jsonb),
  ('enfance', 'Citez un jeu vidéo culte de l''enfance', '[{"t":"Mario","pts":38},{"t":"Sonic","pts":22},{"t":"GTA","pts":17},{"t":"Crash Bandicoot","pts":14},{"t":"Pokémon","pts":9}]'::jsonb),
  ('enfance', 'Nommez quelque chose qu''on collectionnait enfant', '[{"t":"Cartes Pokémon","pts":36},{"t":"Autocollants","pts":24},{"t":"Figurines","pts":18},{"t":"Billes","pts":14},{"t":"Magnets","pts":8}]'::jsonb),
  ('enfance', 'Citez une chanson qu''on chantait à tue-tête enfant', '[{"t":"Une chanson Disney","pts":35},{"t":"Une comptine","pts":25},{"t":"Un générique de dessin animé","pts":19},{"t":"Une chanson de NRJ","pts":13},{"t":"Le hit du moment","pts":8}]'::jsonb),
  ('enfance', 'Nommez une tradition de Noël qu''on adorait enfant', '[{"t":"Ouvrir les cadeaux","pts":37},{"t":"Décorer le sapin","pts":23},{"t":"Le repas en famille","pts":17},{"t":"Écrire au Père Noël","pts":14},{"t":"Le calendrier de l''avent","pts":9}]'::jsonb),
  ('sport', 'Nommez une excuse pour ne pas aller au sport', '[{"t":"\"J''ai mal quelque part\"","pts":35},{"t":"\"Il pleut\"","pts":22},{"t":"\"Je suis fatigué(e)\"","pts":20},{"t":"\"Je commence lundi\"","pts":15},{"t":"\"J''ai trop mangé\"","pts":8}]'::jsonb),
  ('sport', 'Citez un sport populaire en France', '[{"t":"Football","pts":38},{"t":"Tennis","pts":24},{"t":"Basket","pts":17},{"t":"Rugby","pts":13},{"t":"Natation","pts":8}]'::jsonb),
  ('sport', 'Nommez une résolution de nouvelle année liée au sport', '[{"t":"Aller à la salle","pts":36},{"t":"Courir","pts":24},{"t":"Manger plus sainement","pts":18},{"t":"Faire du yoga","pts":14},{"t":"Arrêter la flemme","pts":8}]'::jsonb),
  ('sport', 'Citez une chose qu''on dit après une grosse séance de sport', '[{"t":"\"J''ai mal partout\"","pts":34},{"t":"\"Je vais bien dormir\"","pts":26},{"t":"\"J''ai bien mérité un resto\"","pts":19},{"t":"\"Plus jamais ça\"","pts":13},{"t":"\"J''ai adoré\"","pts":8}]'::jsonb),
  ('sport', 'Nommez un appareil de salle de sport', '[{"t":"Tapis de course","pts":37},{"t":"Vélo elliptique","pts":23},{"t":"Banc de musculation","pts":18},{"t":"Rameur","pts":13},{"t":"Tapis de yoga","pts":9}]'::jsonb),
  ('sport', 'Citez une raison d''abandonner un régime', '[{"t":"Trop dur","pts":35},{"t":"Une soirée trop tentante","pts":25},{"t":"Pas de résultats","pts":19},{"t":"Trop cher","pts":13},{"t":"Ennui","pts":8}]'::jsonb),
  ('sport', 'Nommez un sport qu''on pratique en équipe', '[{"t":"Football","pts":36},{"t":"Basket","pts":24},{"t":"Volleyball","pts":18},{"t":"Handball","pts":14},{"t":"Rugby","pts":8}]'::jsonb),
  ('sport', 'Citez une chose qu''on fait pour récupérer après le sport', '[{"t":"Étirements","pts":33},{"t":"Douche","pts":27},{"t":"Dormir","pts":19},{"t":"Manger des protéines","pts":13},{"t":"Bain chaud","pts":8}]'::jsonb),
  ('sport', 'Nommez une habitude saine que tout le monde devrait avoir', '[{"t":"Boire de l''eau","pts":38},{"t":"Dormir assez","pts":22},{"t":"Manger des légumes","pts":17},{"t":"Faire du sport régulièrement","pts":14},{"t":"Limiter les écrans","pts":9}]'::jsonb),
  ('sport', 'Citez un sport d''hiver', '[{"t":"Ski","pts":35},{"t":"Snowboard","pts":25},{"t":"Patinage","pts":19},{"t":"Luge","pts":13},{"t":"Hockey","pts":8}]'::jsonb),
  ('sport', 'Nommez quelque chose qu''on regrette après une nuit blanche', '[{"t":"Être fatigué(e) le lendemain","pts":37},{"t":"Avoir mal partout","pts":23},{"t":"Manquer de concentration","pts":17},{"t":"Mauvaise humeur","pts":14},{"t":"Avoir faim toute la journée","pts":9}]'::jsonb),
  ('sport', 'Citez une raison d''aller voir un médecin', '[{"t":"Maladie","pts":34},{"t":"Bilan de routine","pts":26},{"t":"Douleur persistante","pts":19},{"t":"Vaccin","pts":13},{"t":"Stress/anxiété","pts":8}]'::jsonb),
  ('sport', 'Nommez un sport individuel', '[{"t":"Course à pied","pts":36},{"t":"Natation","pts":24},{"t":"Tennis","pts":18},{"t":"Boxe","pts":14},{"t":"Escalade","pts":8}]'::jsonb),
  ('sport', 'Citez une excuse pour manger malsain', '[{"t":"\"Je me fais plaisir\"","pts":35},{"t":"\"C''est une exception\"","pts":25},{"t":"\"Je commence le régime demain\"","pts":18},{"t":"\"J''ai eu une dure journée\"","pts":14},{"t":"\"C''est les vacances\"","pts":8}]'::jsonb),
  ('sport', 'Nommez quelque chose qu''on fait pour mieux dormir', '[{"t":"Éteindre les écrans","pts":38},{"t":"Boire une tisane","pts":22},{"t":"Lire","pts":17},{"t":"Méditer","pts":14},{"t":"Aérer la chambre","pts":9}]'::jsonb),
  ('sport', 'Citez une chose qu''on ressent après une bonne séance de sport', '[{"t":"Fierté","pts":34},{"t":"Fatigue","pts":26},{"t":"Bien-être","pts":19},{"t":"Faim","pts":13},{"t":"Courbatures (le lendemain)","pts":8}]'::jsonb),
  ('sport', 'Nommez un complément ou aliment "healthy" à la mode', '[{"t":"Protéine en poudre","pts":33},{"t":"Avocat","pts":27},{"t":"Graines de chia","pts":19},{"t":"Smoothie","pts":13},{"t":"Spiruline","pts":8}]'::jsonb),
  ('argent', 'Nommez une raison de demander de l''argent à ses parents', '[{"t":"Loyer","pts":36},{"t":"Courses","pts":24},{"t":"Sortie","pts":18},{"t":"Imprévu","pts":14},{"t":"Facture","pts":8}]'::jsonb),
  ('argent', 'Citez une chose qu''on achète sur un coup de tête', '[{"t":"Vêtements","pts":34},{"t":"Nourriture","pts":26},{"t":"Gadget inutile","pts":19},{"t":"Chaussures","pts":13},{"t":"Objet en solde","pts":8}]'::jsonb),
  ('argent', 'Nommez une excuse pour ne pas payer sa tournée', '[{"t":"\"J''ai oublié mon portefeuille\"","pts":38},{"t":"\"Je n''ai pas de liquide\"","pts":22},{"t":"\"Je paierai la prochaine fois\"","pts":18},{"t":"\"J''ai déjà payé l''Uber\"","pts":13},{"t":"\"Je suis fauché(e)\"","pts":9}]'::jsonb),
  ('argent', 'Citez une dépense qu''on regrette', '[{"t":"Un achat impulsif","pts":35},{"t":"Un abonnement inutile","pts":25},{"t":"Une sortie trop chère","pts":18},{"t":"Un cadeau trop cher","pts":14},{"t":"Des paris","pts":8}]'::jsonb),
  ('argent', 'Nommez une chose pour laquelle les gens économisent', '[{"t":"Vacances","pts":37},{"t":"Maison","pts":23},{"t":"Voiture","pts":17},{"t":"Mariage","pts":14},{"t":"Retraite","pts":9}]'::jsonb),
  ('argent', 'Citez une habitude de personne radine', '[{"t":"Ne jamais payer la tournée","pts":36},{"t":"Compter chaque centime","pts":24},{"t":"Réutiliser des sachets de thé","pts":18},{"t":"Marchander tout","pts":14},{"t":"Garder les emballages","pts":8}]'::jsonb),
  ('argent', 'Nommez une raison de vendre des affaires en ligne', '[{"t":"Besoin d''argent","pts":34},{"t":"Faire de la place","pts":26},{"t":"Déménagement","pts":19},{"t":"Ne plus en avoir besoin","pts":13},{"t":"Mode de vie minimaliste","pts":8}]'::jsonb),
  ('argent', 'Citez quelque chose qu''on fait pour gagner de l''argent rapidement', '[{"t":"Vendre des affaires","pts":36},{"t":"Petit job","pts":24},{"t":"Sondages rémunérés","pts":18},{"t":"Emprunter","pts":14},{"t":"Pari/loterie","pts":8}]'::jsonb),
  ('argent', 'Nommez une chose sur laquelle on dépense trop facilement', '[{"t":"Nourriture/livraison","pts":35},{"t":"Vêtements","pts":25},{"t":"Sorties","pts":19},{"t":"Abonnements","pts":13},{"t":"Technologie","pts":8}]'::jsonb),
  ('argent', 'Citez une raison de partager l''addition au resto', '[{"t":"Équité","pts":38},{"t":"Pas envie de calculer qui doit quoi","pts":22},{"t":"Tout le monde a pris pareil","pts":17},{"t":"Habitude","pts":14},{"t":"Pour éviter les disputes","pts":9}]'::jsonb),
  ('argent', 'Nommez une appli pour gérer son budget ou payer entre amis', '[{"t":"Lydia","pts":33},{"t":"PayPal","pts":27},{"t":"Revolut","pts":19},{"t":"N26","pts":13},{"t":"Tricount","pts":8}]'::jsonb),
  ('argent', 'Citez une chose qu''on fait quand on est fauché en fin de mois', '[{"t":"Manger des pâtes","pts":36},{"t":"Annuler des sorties","pts":24},{"t":"Demander à des amis","pts":18},{"t":"Vendre des affaires","pts":14},{"t":"Attendre la paye","pts":8}]'::jsonb),
  ('argent', 'Nommez un objet de luxe que les gens rêvent de posséder', '[{"t":"Voiture de sport","pts":34},{"t":"Montre de luxe","pts":26},{"t":"Sac de marque","pts":19},{"t":"Maison avec piscine","pts":13},{"t":"Yacht","pts":8}]'::jsonb),
  ('argent', 'Citez une raison de ne pas prêter d''argent à quelqu''un', '[{"t":"Peur de ne pas être remboursé","pts":37},{"t":"Pas assez soi-même","pts":23},{"t":"Mauvaise expérience passée","pts":17},{"t":"Manque de confiance","pts":14},{"t":"Principe","pts":9}]'::jsonb),
  ('argent', 'Nommez quelque chose qu''on fait pour économiser sur les courses', '[{"t":"Comparer les prix","pts":35},{"t":"Acheter en promo","pts":25},{"t":"Faire une liste","pts":19},{"t":"Acheter en gros","pts":13},{"t":"Éviter les marques","pts":8}]'::jsonb),
  ('argent', 'Citez une dépense qu''on considère "indispensable" mais qui ne l''est pas vraiment', '[{"t":"Abonnement streaming","pts":36},{"t":"Café à emporter tous les jours","pts":24},{"t":"Vêtements de marque","pts":18},{"t":"Livraison de repas","pts":14},{"t":"Gadgets tech","pts":8}]'::jsonb),
  ('excuses', 'Nommez un mensonge blanc qu''on dit souvent', '[{"t":"\"Ça me va très bien\"","pts":36},{"t":"\"J''arrive dans 5 minutes\"","pts":25},{"t":"\"J''ai déjà mangé\"","pts":18},{"t":"\"Tout va bien\"","pts":13},{"t":"\"J''adore !\"","pts":8}]'::jsonb),
  ('excuses', 'Citez une excuse pour ne pas sortir un soir', '[{"t":"\"Je suis fatigué(e)\"","pts":35},{"t":"\"J''ai pas d''argent\"","pts":25},{"t":"\"J''ai du travail\"","pts":19},{"t":"\"Je ne me sens pas bien\"","pts":13},{"t":"\"Pas envie\"","pts":8}]'::jsonb),
  ('excuses', 'Nommez une excuse pour justifier un retard', '[{"t":"Trafic","pts":37},{"t":"Réveil pas sonné","pts":23},{"t":"Transport en retard","pts":17},{"t":"Imprévu","pts":14},{"t":"Mauvaise estimation du temps","pts":9}]'::jsonb),
  ('excuses', 'Citez un mensonge dit pour éviter de blesser quelqu''un', '[{"t":"\"Ça te va bien\"","pts":34},{"t":"\"C''est délicieux\"","pts":26},{"t":"\"Je n''ai pas vu ton message\"","pts":19},{"t":"\"J''ai aimé le cadeau\"","pts":13},{"t":"\"Tu as raison\"","pts":8}]'::jsonb),
  ('excuses', 'Nommez une excuse classique pour ne pas faire le ménage', '[{"t":"\"Je n''ai pas le temps\"","pts":36},{"t":"\"Je le ferai plus tard\"","pts":24},{"t":"\"C''est pas si sale\"","pts":18},{"t":"\"C''est pas à moi de le faire\"","pts":14},{"t":"\"J''ai oublié\"","pts":8}]'::jsonb),
  ('excuses', 'Citez une excuse pour annuler un rendez-vous à la dernière minute', '[{"t":"Maladie soudaine","pts":38},{"t":"Imprévu familial","pts":22},{"t":"Problème de transport","pts":17},{"t":"Travail urgent","pts":14},{"t":"Fatigue","pts":9}]'::jsonb),
  ('excuses', 'Nommez une chose qu''on exagère en racontant une histoire', '[{"t":"La taille du poisson","pts":34},{"t":"Le nombre de verres bus","pts":26},{"t":"La distance parcourue","pts":19},{"t":"Le prix payé","pts":13},{"t":"Le danger vécu","pts":8}]'::jsonb),
  ('excuses', 'Citez une excuse pour ne pas avoir répondu au téléphone', '[{"t":"\"Mon téléphone était en silencieux\"","pts":37},{"t":"\"Je n''ai pas entendu\"","pts":23},{"t":"\"Batterie à plat\"","pts":18},{"t":"\"Pas de réseau\"","pts":13},{"t":"\"J''étais sous la douche\"","pts":9}]'::jsonb),
  ('excuses', 'Nommez un petit mensonge qu''on dit à son patron', '[{"t":"\"Je suis malade\"","pts":35},{"t":"\"J''ai un rendez-vous médical\"","pts":25},{"t":"\"Problème familial\"","pts":19},{"t":"\"Panne de voiture\"","pts":13},{"t":"\"Embouteillage\"","pts":8}]'::jsonb),
  ('excuses', 'Citez une excuse utilisée pour éviter une activité qu''on n''aime pas', '[{"t":"\"Je suis occupé(e)\"","pts":36},{"t":"\"Je ne suis pas doué(e) pour ça\"","pts":24},{"t":"\"J''ai déjà un truc prévu\"","pts":18},{"t":"\"Je ne me sens pas bien\"","pts":14},{"t":"\"Pas mon truc\"","pts":8}]'::jsonb),
  ('excuses', 'Nommez une chose qu''on cache à ses amis', '[{"t":"Le prix d''un achat","pts":33},{"t":"Une dispute en couple","pts":27},{"t":"Un secret professionnel","pts":19},{"t":"Un problème personnel","pts":13},{"t":"Une opinion impopulaire","pts":8}]'::jsonb),
  ('excuses', 'Citez un mensonge classique sur les réseaux sociaux', '[{"t":"\"Tout va bien dans ma vie\"","pts":36},{"t":"Une photo retouchée","pts":24},{"t":"Une vie qui semble parfaite","pts":18},{"t":"Une fausse localisation","pts":14},{"t":"Un faux compliment","pts":8}]'::jsonb),
  ('excuses', 'Nommez une excuse pour ne pas avoir terminé un projet à temps', '[{"t":"\"Pas assez de temps\"","pts":38},{"t":"\"Problème technique\"","pts":22},{"t":"\"Mauvaise compréhension de la consigne\"","pts":17},{"t":"\"Trop de travail ailleurs\"","pts":14},{"t":"\"J''ai oublié la deadline\"","pts":9}]'::jsonb),
  ('excuses', 'Citez une excuse donnée pour ne pas boire d''alcool', '[{"t":"\"Je conduis\"","pts":35},{"t":"\"Je prends des médicaments\"","pts":25},{"t":"\"Je ne me sens pas bien\"","pts":19},{"t":"\"Je suis en détox\"","pts":13},{"t":"\"Pas envie ce soir\"","pts":8}]'::jsonb),
  ('excuses', 'Nommez un mensonge qu''on dit pour paraître plus occupé qu''on ne l''est', '[{"t":"\"Je suis débordé(e)\"","pts":34},{"t":"\"J''ai une réunion\"","pts":26},{"t":"\"Je n''ai pas une minute\"","pts":19},{"t":"\"Je suis en plein rush\"","pts":13},{"t":"\"Pas le temps de souffler\"","pts":8}]'::jsonb),
  ('excuses', 'Citez une excuse pour ne pas inviter quelqu''un à un événement', '[{"t":"\"Pas assez de place\"","pts":37},{"t":"\"On garde ça en petit comité\"","pts":23},{"t":"\"J''ai oublié de te le dire\"","pts":17},{"t":"\"C''était une décision de dernière minute\"","pts":14},{"t":"\"Je pensais que tu ne serais pas dispo\"","pts":9}]'::jsonb),
  ('maison', 'Nommez une chose qui crée des tensions en colocation', '[{"t":"La vaisselle sale","pts":36},{"t":"Le bruit","pts":24},{"t":"Le ménage","pts":18},{"t":"Les factures","pts":14},{"t":"Inviter trop de monde","pts":8}]'::jsonb),
  ('maison', 'Citez une règle de colocation importante', '[{"t":"Faire sa vaisselle","pts":34},{"t":"Respecter le calme la nuit","pts":26},{"t":"Partager les courses équitablement","pts":19},{"t":"Prévenir avant d''inviter quelqu''un","pts":13},{"t":"Nettoyer après soi","pts":8}]'::jsonb),
  ('maison', 'Nommez une excuse pour ne pas faire la vaisselle', '[{"t":"\"Je le ferai plus tard\"","pts":38},{"t":"\"C''est pas à moi\"","pts":22},{"t":"\"Je suis fatigué(e)\"","pts":17},{"t":"\"J''ai pas le temps\"","pts":14},{"t":"\"J''ai oublié\"","pts":9}]'::jsonb),
  ('maison', 'Citez une pièce de la maison où on passe le plus de temps', '[{"t":"Salon","pts":35},{"t":"Chambre","pts":27},{"t":"Cuisine","pts":19},{"t":"Salle de bain","pts":11},{"t":"Bureau","pts":8}]'::jsonb),
  ('maison', 'Nommez une chose qu''on prête à contrecœur à un coloc', '[{"t":"Voiture","pts":33},{"t":"Vêtements","pts":27},{"t":"Nourriture","pts":19},{"t":"Chargeur","pts":13},{"t":"Argent","pts":8}]'::jsonb),
  ('maison', 'Citez une corvée ménagère que personne n''aime faire', '[{"t":"Nettoyer les toilettes","pts":37},{"t":"Sortir les poubelles","pts":23},{"t":"Passer l''aspirateur","pts":17},{"t":"Faire la vaisselle","pts":14},{"t":"Repasser","pts":9}]'::jsonb),
  ('maison', 'Nommez une raison de chercher un nouveau logement', '[{"t":"Loyer trop cher","pts":36},{"t":"Mauvais voisins","pts":24},{"t":"Trop petit","pts":18},{"t":"Changement de travail/études","pts":14},{"t":"Coloc difficile","pts":8}]'::jsonb),
  ('maison', 'Citez quelque chose qu''on découvre en faisant le tri/rangement', '[{"t":"Des objets perdus","pts":34},{"t":"De la poussière","pts":26},{"t":"De vieux souvenirs","pts":19},{"t":"Des affaires oubliées d''un ex","pts":13},{"t":"De l''argent oublié","pts":8}]'::jsonb),
  ('maison', 'Nommez un appareil indispensable à la maison', '[{"t":"Réfrigérateur","pts":38},{"t":"Machine à laver","pts":22},{"t":"Four/micro-ondes","pts":17},{"t":"Wifi/box internet","pts":14},{"t":"Bouilloire/cafetière","pts":9}]'::jsonb),
  ('maison', 'Citez une chose qui énerve avec les voisins', '[{"t":"Le bruit","pts":36},{"t":"Les fêtes tardives","pts":24},{"t":"Les odeurs de cuisine","pts":18},{"t":"Le stationnement","pts":14},{"t":"Les plaintes inutiles","pts":8}]'::jsonb),
  ('maison', 'Nommez une excuse pour ne pas ranger sa chambre', '[{"t":"\"Je sais où est chaque chose\"","pts":35},{"t":"\"Je le ferai ce week-end\"","pts":25},{"t":"\"Pas le temps\"","pts":19},{"t":"\"J''aime mon chaos organisé\"","pts":13},{"t":"\"Personne ne vient de toute façon\"","pts":8}]'::jsonb),
  ('maison', 'Citez une chose qu''on fait en premier en arrivant dans un nouvel appartement', '[{"t":"Imaginer la déco","pts":34},{"t":"Vérifier le wifi","pts":26},{"t":"Tester les douches","pts":19},{"t":"Mesurer pour les meubles","pts":13},{"t":"Prendre des photos","pts":8}]'::jsonb),
  ('maison', 'Nommez une dispute classique liée aux charges/factures en coloc', '[{"t":"Qui a utilisé plus d''électricité","pts":36},{"t":"Qui n''a pas payé sa part","pts":24},{"t":"Le partage du wifi","pts":18},{"t":"Les courses communes","pts":14},{"t":"Le chauffage","pts":8}]'::jsonb),
  ('maison', 'Citez une chose qu''on cache à ses parents sur son appart', '[{"t":"Le vrai état de propreté","pts":37},{"t":"Le prix réel du loyer","pts":23},{"t":"Les fêtes organisées","pts":17},{"t":"Le bazar dans la chambre","pts":14},{"t":"Les coloc","pts":9}]'::jsonb),
  ('maison', 'Nommez un objet qu''on devrait remplacer depuis longtemps mais qu''on garde', '[{"t":"Le canapé","pts":33},{"t":"La brosse à dents","pts":27},{"t":"Les chaussettes trouées","pts":19},{"t":"Le matelas","pts":13},{"t":"Le rideau de douche","pts":8}]'::jsonb),
  ('maison', 'Citez une raison de ne pas inviter quelqu''un chez soi', '[{"t":"\"C''est le bazar\"","pts":38},{"t":"\"Mon/ma coloc est là\"","pts":22},{"t":"\"Trop petit\"","pts":17},{"t":"\"J''ai pas fait le ménage\"","pts":14},{"t":"\"Je préfère ailleurs\"","pts":9}]'::jsonb),
  ('tech', 'Nommez une chose qu''on fait quand l''ordinateur est lent', '[{"t":"Redémarrer","pts":36},{"t":"Fermer les onglets","pts":24},{"t":"Jurer contre la machine","pts":18},{"t":"Appeler quelqu''un de doué en informatique","pts":14},{"t":"Attendre en tapant des doigts","pts":8}]'::jsonb),
  ('tech', 'Citez un mot de passe que beaucoup de gens utilisent (mauvaise pratique)', '[{"t":"\"123456\"","pts":38},{"t":"Date de naissance","pts":22},{"t":"Nom + chiffre","pts":17},{"t":"\"motdepasse\"","pts":14},{"t":"Prénom d''un proche","pts":9}]'::jsonb),
  ('tech', 'Nommez une chose qu''on fait en boucle sur internet', '[{"t":"Scroller sans but","pts":35},{"t":"Regarder des vidéos","pts":25},{"t":"Lire des avis produits","pts":19},{"t":"Comparer les prix","pts":13},{"t":"Chercher la même chose en boucle","pts":8}]'::jsonb),
  ('tech', 'Citez une raison de désinstaller une appli', '[{"t":"Trop de pub","pts":34},{"t":"Prend trop de place","pts":26},{"t":"Plus utile","pts":19},{"t":"Trop de notifications","pts":13},{"t":"Buggée","pts":8}]'::jsonb),
  ('tech', 'Nommez une chose frustrante avec internet', '[{"t":"Le wifi qui coupe","pts":37},{"t":"Le chargement lent","pts":23},{"t":"Les pubs","pts":17},{"t":"Les pop-ups","pts":14},{"t":"Le buffering vidéo","pts":9}]'::jsonb),
  ('tech', 'Citez un réflexe quand on reçoit une notification', '[{"t":"Regarder direct","pts":36},{"t":"Ignorer","pts":24},{"t":"Stresser","pts":18},{"t":"Vérifier en cachette","pts":14},{"t":"Répondre immédiatement","pts":8}]'::jsonb),
  ('tech', 'Nommez une chose qu''on recherche souvent sur internet sans le dire', '[{"t":"Symptômes médicaux","pts":33},{"t":"Le prix d''un truc qu''on veut acheter","pts":27},{"t":"Une personne (ex, crush)","pts":19},{"t":"Une réponse à un devoir","pts":13},{"t":"Un horoscope","pts":8}]'::jsonb),
  ('tech', 'Citez un site ou appli qu''on utilise pour se divertir', '[{"t":"YouTube","pts":38},{"t":"Netflix","pts":22},{"t":"TikTok","pts":17},{"t":"Twitch","pts":14},{"t":"Instagram","pts":9}]'::jsonb),
  ('tech', 'Nommez une chose qu''on fait pour économiser de la data mobile', '[{"t":"Se connecter au wifi","pts":35},{"t":"Désactiver les mises à jour auto","pts":25},{"t":"Réduire la qualité vidéo","pts":19},{"t":"Limiter les réseaux sociaux","pts":13},{"t":"Mode économie de données","pts":8}]'::jsonb),
  ('tech', 'Citez une panique classique liée à la technologie', '[{"t":"Téléphone qui tombe en panne","pts":36},{"t":"Batterie à plat","pts":24},{"t":"Fichier perdu non sauvegardé","pts":18},{"t":"Piratage de compte","pts":14},{"t":"Écran cassé","pts":8}]'::jsonb),
  ('tech', 'Nommez une chose qu''on fait avant d''acheter un produit en ligne', '[{"t":"Lire les avis","pts":34},{"t":"Comparer les prix","pts":26},{"t":"Vérifier la taille/les specs","pts":19},{"t":"Chercher un code promo","pts":13},{"t":"Regarder des vidéos de test","pts":8}]'::jsonb),
  ('tech', 'Citez quelque chose qu''on fait pour se déconnecter des écrans', '[{"t":"Lire un livre","pts":37},{"t":"Sortir se promener","pts":23},{"t":"Faire du sport","pts":17},{"t":"Voir des amis","pts":14},{"t":"Dormir plus tôt","pts":9}]'::jsonb),
  ('tech', 'Nommez un problème technique courant avec un ordinateur', '[{"t":"Lenteur","pts":35},{"t":"Virus","pts":25},{"t":"Écran bleu/plantage","pts":19},{"t":"Batterie qui ne tient pas","pts":13},{"t":"Wifi qui ne se connecte pas","pts":8}]'::jsonb),
  ('tech', 'Citez une chose qu''on fait pour protéger sa vie privée en ligne', '[{"t":"Mot de passe fort","pts":36},{"t":"Double authentification","pts":24},{"t":"Compte privé","pts":18},{"t":"Ne pas tout partager","pts":14},{"t":"VPN","pts":8}]'::jsonb),
  ('tech', 'Nommez une raison de changer de téléphone', '[{"t":"Batterie faible","pts":38},{"t":"Écran cassé","pts":22},{"t":"Trop lent","pts":17},{"t":"Plus de stockage","pts":14},{"t":"Nouveau modèle sorti","pts":9}]'::jsonb),
  ('tech', 'Citez une chose qu''on fait en cas de coupure d''internet', '[{"t":"Vérifier la box","pts":34},{"t":"Appeler le fournisseur","pts":26},{"t":"Redémarrer le routeur","pts":19},{"t":"Paniquer","pts":13},{"t":"Utiliser la 4G du téléphone","pts":8}]'::jsonb);

-- 7. Game Changer — règles
insert into changer_rules (icon, name, rule, action) values
  ('⚡', 'SPEED ROUND', 'Le premier à taper sur la table après chaque question marque 1 pt. Si tu te trompes de réponse, tu perds 2 pts !', 'Posez-vous des questions de culture générale.'),
  ('🤫', 'CHUCHOTEUR', 'TOUT LE MONDE doit chuchoter. Parler normalement = −1 pt. Le dernier à parler fort est éliminé.', 'Continuez à jouer normalement mais en chuchotant.'),
  ('🔄', 'MIROIR', 'Tout ce qu''un joueur fait, son voisin de gauche doit l''imiter exactement. Rater = −1 pt.', 'Essayez de piéger votre voisin avec des gestes compliqués.'),
  ('🎭', 'INTERDIT DE RIRE', 'Personne ne doit sourire. Le premier qui rit donne 3 pts à tous les autres. Durée : 2 minutes.', 'Essayez de faire rire les autres sans sourire vous-même.'),
  ('📱', 'SANS LES MAINS', 'Vous ne pouvez pas utiliser vos mains. Utiliser ses mains = −2 pts.', 'Accomplissez des défis sans utiliser vos mains.'),
  ('🔢', 'CHIFFRES INTERDITS', 'Remplacez tous les chiffres par "BZZZ". Dire un chiffre = −1 pt. Durée : 3 minutes.', 'Discutez normalement en censurant chaque chiffre.'),
  ('🎤', 'MICRO OUVERT', 'Tout ce que tu penses, tu dois le dire à voix haute. Rester silencieux = −1 pt.', 'Chaque pensée doit être vocalisée !'),
  ('🕺', 'DANSE OBLIGATOIRE', 'À chaque fois qu''on dit le mot "je", tout le monde doit danser 3 secondes. Oublier = −1 pt.', 'Discutez normalement en surveillant le mot "je".');

-- 8. Loups Garous — rôles
insert into loups_roles (id, icon, color, description, team) values
  ('Villageois', '👨‍🌾', '#00aaff', 'Trouvez et éliminez les loups par vote !', 'village'),
  ('Loup-Garou', '🐺', '#ff3d6b', 'La nuit, concertez-vous pour éliminer un villageois.', 'loups'),
  ('Voyante', '🔮', '#7c3aed', 'Chaque nuit, découvrez le rôle d''un joueur.', 'village'),
  ('Sorcière', '🧙‍♀️', '#00d4aa', 'Vous avez 2 potions : vie et mort. Une fois chacune.', 'village'),
  ('Chasseur', '🏹', '#ff9500', 'Si vous mourez, emmenez un joueur avec vous !', 'village');
